rank,username,totalM,content,created_at,date,time,display_name,favourites_count,followers_count,following_count,reblogs_count,replies_count,sensitive,sentiment,url,class
10,flowless,17,<p>i sometimes forget that Laos had more bombs deployed on it by the USA than all the bombs ever used in the entire theatre of World War 2</p>,2023-05-09 13:37:27+00:00,2023-05-09,3:37:27,Juan Azul Grande Fantasia,0,245,226,0,0,False,negative,https://nitecrew.rip/@flowless/110338994814556526,mastodon
10,flowless,17,<p>its wild how simple it is to read some theory and come to a reasonable conclusion that western imperialism is extremely evil. the actions of the capitalist empires is very clear and not hidden in any way. you kinda might need help seeing their motivations if you are kind of naive but its all there</p>,2023-05-09 13:23:40+00:00,2023-05-09,3:23:40,Juan Azul Grande Fantasia,0,244,225,0,0,False,negative,https://nitecrew.rip/@flowless/110338940634210450,mastodon
10,flowless,17,<p>horrific depiction of mutilation of a dead body and flippant girlboss behavior</p>,2023-05-09 13:44:29+00:00,2023-05-09,3:44:29,Juan Azul Grande Fantasia,0,245,226,0,0,True,negative,https://nitecrew.rip/@flowless/110339022499582511,mastodon
10,flowless,17,<p>every day i log on here and yell at people to read a book</p>,2023-05-09 13:45:34+00:00,2023-05-09,3:45:34,Juan Azul Grande Fantasia,0,245,226,0,0,False,negative,https://nitecrew.rip/@flowless/110339026722754299,mastodon
10,flowless,17,"<p>even if you dont like lenin or communists, i think his works have a lot of value just on the premise that everything he has been saying has happened</p>",2023-05-09 13:46:42+00:00,2023-05-09,3:46:42,Juan Azul Grande Fantasia,0,245,226,0,0,False,positive,https://nitecrew.rip/@flowless/110339031202402054,mastodon
10,flowless,17,<p>i sometimes forget that Laos had more bombs deployed on it by the USA than all the bombs ever used in the entire theatre of World War 2</p>,2023-05-09 13:37:27+00:00,2023-05-09,3:37:27,Juan Azul Grande Fantasia,0,244,225,0,0,False,negative,https://nitecrew.rip/@flowless/110338994814556526,mastodon
10,flowless,17,"<p>also if you dont like workers (communists) then im gonna kick you in the nuts, but thats an aside</p>",2023-05-09 13:47:37+00:00,2023-05-09,3:47:37,Juan Azul Grande Fantasia,0,245,226,0,0,False,negative,https://nitecrew.rip/@flowless/110339034827842128,mastodon
10,flowless,17,"<p>even if you dont like lenin or communists, i think his works have a lot of value just on the premise that everything he has been saying has happened</p>",2023-05-09 13:46:42+00:00,2023-05-09,3:46:42,Juan Azul Grande Fantasia,0,244,225,0,0,False,positive,https://nitecrew.rip/@flowless/110339031202402054,mastodon
10,flowless,17,"<p>The Clintons are remembered fondly as the ""good"" democrats but they were bloody butchers and Nato was their machete</p>",2023-05-09 13:52:19+00:00,2023-05-09,3:52:19,Juan Azul Grande Fantasia,0,245,226,0,0,False,negative,https://nitecrew.rip/@flowless/110339053317903722,mastodon
10,flowless,17,"<p>every year the capitalist propaganda gets weaker and weaker but not because you are getting wiser, but rather, the capitalists know they dont have to hide shit more and more</p>",2023-05-09 13:57:56+00:00,2023-05-09,3:57:56,Juan Azul Grande Fantasia,0,245,226,0,0,False,negative,https://nitecrew.rip/@flowless/110339075353325721,mastodon
10,flowless,17,<p>you are on the ass end of getting crushed into paste by capitalism. the time of monsters is here and upon us</p>,2023-05-09 13:58:30+00:00,2023-05-09,3:58:30,Juan Azul Grande Fantasia,0,245,226,0,0,False,negative,https://nitecrew.rip/@flowless/110339077620433128,mastodon
10,flowless,17,<p>actually many of the recent democratic representatives were busy using NATO to butcher people huh. its almost like they are just as bad as the republicans</p>,2023-05-09 14:02:37+00:00,2023-05-09,4:02:37,Juan Azul Grande Fantasia,0,245,226,0,0,False,negative,https://nitecrew.rip/@flowless/110339093765734937,mastodon
10,flowless,17,<p>wasted so much air talking to a liberal in a fake mustache instead of loading the revolver</p>,2023-05-09 13:15:34+00:00,2023-05-09,3:15:34,Juan Azul Grande Fantasia,0,245,226,0,0,False,negative,https://nitecrew.rip/@flowless/110338908785989355,mastodon
10,flowless,17,<p>its wild how simple it is to read some theory and come to a reasonable conclusion that western imperialism is extremely evil. the actions of the capitalist empires is very clear and not hidden in any way. you kinda might need help seeing their motivations if you are kind of naive but its all there</p>,2023-05-09 13:23:40+00:00,2023-05-09,3:23:40,Juan Azul Grande Fantasia,0,245,226,0,0,False,negative,https://nitecrew.rip/@flowless/110338940634210450,mastodon
10,flowless,17,<p>im constantly baffled</p>,2023-05-09 13:24:11+00:00,2023-05-09,3:24:11,Juan Azul Grande Fantasia,0,245,226,0,0,False,negative,https://nitecrew.rip/@flowless/110338942652802486,mastodon
10,flowless,17,"<p>its kind of like the question of: hey America is doing something in this specific place. take a guess if its fucked up and evil or neutral and if you guess ""fucked up and evil"" you would be correct every time</p>",2023-05-09 13:24:48+00:00,2023-05-09,3:24:48,Juan Azul Grande Fantasia,0,245,226,0,0,False,negative,https://nitecrew.rip/@flowless/110338945097004000,mastodon
10,flowless,17,<p>disgusting</p>,2023-05-09 13:28:29+00:00,2023-05-09,3:28:29,Juan Azul Grande Fantasia,0,245,226,0,0,False,negative,https://nitecrew.rip/@flowless/110338959554605525,mastodon
9,Reuters,14,"<p>China's imports contracted sharply in April, while exports rose at a slower pace, reinforcing signs of feeble domestic demand and heaping pressure on an economy already struggling in the face of cooling global growth <a href=""https://reut.rs/3VSZMMH"" rel=""nofollow noopener noreferrer"" target=""_blank""><span class=""invisible"">https://</span><span class="""">reut.rs/3VSZMMH</span><span class=""invisible""></span></a>  <a href=""https://press.coop/tags/press"" class=""mention hashtag"" rel=""nofollow noopener noreferrer"" target=""_blank"">#<span>press</span></a></p>",2023-05-09 13:31:03+00:00,2023-05-09,3:31:03,Reuters :press:,0,1738,0,0,0,False,negative,https://press.coop/@Reuters/110338969681925673,mastodon
9,Reuters,14,"<p>China's imports contracted sharply in April, while exports rose at a slower pace, reinforcing signs of feeble domestic demand and heaping pressure on an economy already struggling in the face of cooling global growth <a href=""https://reut.rs/3VSZMMH"" rel=""nofollow noopener noreferrer"" target=""_blank""><span class=""invisible"">https://</span><span class="""">reut.rs/3VSZMMH</span><span class=""invisible""></span></a>  <a href=""https://press.coop/tags/press"" class=""mention hashtag"" rel=""nofollow noopener noreferrer"" target=""_blank"">#<span>press</span></a></p>",2023-05-09 13:31:03+00:00,2023-05-09,3:31:03,Reuters :press:,0,1171,0,0,0,False,negative,https://press.coop/@Reuters/110338969681925673,mastodon
9,Reuters,14,"<p>The California woman suing Subway, claiming its tuna products contain ingredients other than tuna, wants to end her lawsuit because she is pregnant, prompting Subway to demand her lawyers be sanctioned for bringing a frivolous case <a href=""https://reut.rs/41hZArt"" rel=""nofollow noopener noreferrer"" target=""_blank""><span class=""invisible"">https://</span><span class="""">reut.rs/41hZArt</span><span class=""invisible""></span></a> <a href=""https://press.coop/tags/press"" class=""mention hashtag"" rel=""nofollow noopener noreferrer"" target=""_blank"">#<span>press</span></a></p>",2023-05-09 13:33:00+00:00,2023-05-09,3:33:00,Reuters :press:,0,1171,0,0,0,False,negative,https://press.coop/@Reuters/110338977314347540,mastodon
9,Reuters,14,"<p>The California woman suing Subway, claiming its tuna products contain ingredients other than tuna, wants to end her lawsuit because she is pregnant, prompting Subway to demand her lawyers be sanctioned for bringing a frivolous case <a href=""https://reut.rs/41hZArt"" rel=""nofollow noopener noreferrer"" target=""_blank""><span class=""invisible"">https://</span><span class="""">reut.rs/41hZArt</span><span class=""invisible""></span></a> <a href=""https://press.coop/tags/press"" class=""mention hashtag"" rel=""nofollow noopener noreferrer"" target=""_blank"">#<span>press</span></a></p>",2023-05-09 13:33:00+00:00,2023-05-09,3:33:00,Reuters :press:,0,1738,0,0,0,False,negative,https://press.coop/@Reuters/110338977314347540,mastodon
9,Reuters,14,"<p>On @Breakingviews: The EU‚Äôs debt credibility is suffering from rising doubts as well as rising rates, writes @rebeccawire <a href=""https://reut.rs/3B9ZpUv"" rel=""nofollow noopener noreferrer"" target=""_blank""><span class=""invisible"">https://</span><span class="""">reut.rs/3B9ZpUv</span><span class=""invisible""></span></a> <a href=""https://press.coop/tags/press"" class=""mention hashtag"" rel=""nofollow noopener noreferrer"" target=""_blank"">#<span>press</span></a></p>",2023-05-09 13:56:04+00:00,2023-05-09,3:56:04,Reuters :press:,0,1738,0,0,0,False,negative,https://press.coop/@Reuters/110339068040070393,mastodon
9,Reuters,14,"<p>On @Breakingviews: The EU‚Äôs debt credibility is suffering from rising doubts as well as rising rates, writes @rebeccawire <a href=""https://reut.rs/3B9ZpUv"" rel=""nofollow noopener noreferrer"" target=""_blank""><span class=""invisible"">https://</span><span class="""">reut.rs/3B9ZpUv</span><span class=""invisible""></span></a> <a href=""https://press.coop/tags/press"" class=""mention hashtag"" rel=""nofollow noopener noreferrer"" target=""_blank"">#<span>press</span></a></p>",2023-05-09 13:56:04+00:00,2023-05-09,3:56:04,Reuters :press:,0,1171,0,0,0,False,negative,https://press.coop/@Reuters/110339068040070393,mastodon
9,Reuters,14,"<p>üîä Today‚Äôs top stories: </p><p>üá≤üáΩ Authorities say El Chapo‚Äôs sons flood the US with fentanyl <br>üá®üá© Devastating floods kill hundreds in Congo, rescuers say toll could rise </p><p>Listen to Reuters World News with @carmelcrimmins and @cwalljasper <a href=""https://reut.rs/3NR0acA"" rel=""nofollow noopener noreferrer"" target=""_blank""><span class=""invisible"">https://</span><span class="""">reut.rs/3NR0acA</span><span class=""invisible""></span></a>  <a href=""https://press.coop/tags/press"" class=""mention hashtag"" rel=""nofollow noopener noreferrer"" target=""_blank"">#<span>press</span></a></p>",2023-05-09 13:01:03+00:00,2023-05-09,3:01:03,Reuters :press:,0,1171,0,0,0,False,negative,https://press.coop/@Reuters/110338851697577719,mastodon
9,Reuters,14,"<p>Over 5,500 still missing in flood-hit east Congo: local official <a href=""http://reut.rs/42iVKjb"" rel=""nofollow noopener noreferrer"" target=""_blank""><span class=""invisible"">http://</span><span class="""">reut.rs/42iVKjb</span><span class=""invisible""></span></a>  <a href=""https://press.coop/tags/press"" class=""mention hashtag"" rel=""nofollow noopener noreferrer"" target=""_blank"">#<span>press</span></a></p>",2023-05-09 13:05:58+00:00,2023-05-09,3:05:58,Reuters :press:,0,1171,0,0,0,False,negative,https://press.coop/@Reuters/110338871009485639,mastodon
9,Reuters,14,"<p>China's imports contracted sharply in April, while exports rose at a slower pace, reinforcing signs of feeble domestic demand despite the lifting of COVID curbs and heaping pressure on an economy already struggling in the face of cooling global growth <a href=""https://reut.rs/3B75WiF"" rel=""nofollow noopener noreferrer"" target=""_blank""><span class=""invisible"">https://</span><span class="""">reut.rs/3B75WiF</span><span class=""invisible""></span></a> <a href=""https://press.coop/tags/press"" class=""mention hashtag"" rel=""nofollow noopener noreferrer"" target=""_blank"">#<span>press</span></a></p>",2023-05-09 13:06:55+00:00,2023-05-09,3:06:55,Reuters :press:,0,1171,0,0,0,False,negative,https://press.coop/@Reuters/110338874742763117,mastodon
9,Reuters,14,"<p>Killing police officers, torturing rival gunmen, feeding their enemies ‚Äî sometimes alive ‚Äî to their pet tigers, according to US and Mexican authorities. Here‚Äôs how four sons of ‚ÄòEl Chapo‚Äô built a ruthless drug trafficking empire <a href=""https://reut.rs/3HTsEhZ"" rel=""nofollow noopener noreferrer"" target=""_blank""><span class=""invisible"">https://</span><span class="""">reut.rs/3HTsEhZ</span><span class=""invisible""></span></a> @Draz_DJ @specialreports  <a href=""https://press.coop/tags/press"" class=""mention hashtag"" rel=""nofollow noopener noreferrer"" target=""_blank"">#<span>press</span></a></p>",2023-05-09 13:08:56+00:00,2023-05-09,3:08:56,Reuters :press:,0,1171,0,0,0,False,negative,https://press.coop/@Reuters/110338882702808353,mastodon
9,Reuters,14,"<p>Russian cruise missiles exploded in the air over Kyiv during a missile strike. Ukraine said its air defenses shot down 23 of 25 missiles, fired chiefly at the capital, and there were no reported casualties <a href=""https://reut.rs/44BHV0V"" rel=""nofollow noopener noreferrer"" target=""_blank""><span class=""invisible"">https://</span><span class="""">reut.rs/44BHV0V</span><span class=""invisible""></span></a>  <a href=""https://press.coop/tags/press"" class=""mention hashtag"" rel=""nofollow noopener noreferrer"" target=""_blank"">#<span>press</span></a></p>",2023-05-09 13:15:59+00:00,2023-05-09,3:15:59,Reuters :press:,0,1171,0,0,0,False,negative,https://press.coop/@Reuters/110338910406404218,mastodon
9,Reuters,14,"<p>Russian cruise missiles exploded in the air over Kyiv during a missile strike. Ukraine said its air defenses shot down 23 of 25 missiles, fired chiefly at the capital, and there were no reported casualties <a href=""https://reut.rs/44BHV0V"" rel=""nofollow noopener noreferrer"" target=""_blank""><span class=""invisible"">https://</span><span class="""">reut.rs/44BHV0V</span><span class=""invisible""></span></a>  <a href=""https://press.coop/tags/press"" class=""mention hashtag"" rel=""nofollow noopener noreferrer"" target=""_blank"">#<span>press</span></a></p>",2023-05-09 13:15:59+00:00,2023-05-09,3:15:59,Reuters :press:,0,1738,0,0,0,False,negative,https://press.coop/@Reuters/110338910406404218,mastodon
9,Reuters,14,"<p>New Zealand police suspended until morning the search for a high school student missing after getting into difficulty on a school trip to caves, as heavy rain and thunderstorms cause flash flooding and landslides in the country's North Island <a href=""https://reut.rs/42dxI98"" rel=""nofollow noopener noreferrer"" target=""_blank""><span class=""invisible"">https://</span><span class="""">reut.rs/42dxI98</span><span class=""invisible""></span></a>  <a href=""https://press.coop/tags/press"" class=""mention hashtag"" rel=""nofollow noopener noreferrer"" target=""_blank"">#<span>press</span></a></p>",2023-05-09 13:26:01+00:00,2023-05-09,3:26:01,Reuters :press:,0,1171,0,0,0,False,negative,https://press.coop/@Reuters/110338949856994876,mastodon
9,Reuters,14,"<p>New Zealand police suspended until morning the search for a high school student missing after getting into difficulty on a school trip to caves, as heavy rain and thunderstorms cause flash flooding and landslides in the country's North Island <a href=""https://reut.rs/42dxI98"" rel=""nofollow noopener noreferrer"" target=""_blank""><span class=""invisible"">https://</span><span class="""">reut.rs/42dxI98</span><span class=""invisible""></span></a>  <a href=""https://press.coop/tags/press"" class=""mention hashtag"" rel=""nofollow noopener noreferrer"" target=""_blank"">#<span>press</span></a></p>",2023-05-09 13:26:01+00:00,2023-05-09,3:26:01,Reuters :press:,0,1738,0,0,0,False,negative,https://press.coop/@Reuters/110338949856994876,mastodon
8,HamiltonsLive,12,"<p>BraveWords ü§ò DAVID ELLEFSON Thinks Its ""F***ing Pathetic"" That Former MEGADETH Bandmate DAVE MUSTAINE Is ""Still Bitching"" About His Dismissal From METALLICA - ""Fix Your S**t And Move On"": Former Megadeth bassist, David Ellefson, has declared his former band leader David Mustaine ‚Äúfucking pathetic‚Äù for ‚Äústill bitching‚Äù about his exit from Metallica 40 years down the road, reports Guitar.com. Asked about his‚Ä¶ <a href=""http://dlvr.it/SnmNdw"" rel=""nofollow noopener noreferrer"" target=""_blank""><span class=""invisible"">http://</span><span class="""">dlvr.it/SnmNdw</span><span class=""invisible""></span></a> LinkInBio for More ü§ò <a href=""https://universeodon.com/tags/BraveWords"" class=""mention hashtag"" rel=""nofollow noopener noreferrer"" target=""_blank"">#<span>BraveWords</span></a> <a href=""https://universeodon.com/tags/HeavyMetal"" class=""mention hashtag"" rel=""nofollow noopener noreferrer"" target=""_blank"">#<span>HeavyMetal</span></a> <a href=""https://universeodon.com/tags/Metal"" class=""mention hashtag"" rel=""nofollow noopener noreferrer"" target=""_blank"">#<span>Metal</span></a></p>",2023-05-09 13:44:03+00:00,2023-05-09,3:44:03,Bruce Hamilton,0,37,31,0,0,False,negative,https://universeodon.com/@HamiltonsLive/110339020768115893,mastodon
8,HamiltonsLive,12,"<p>MyGlobalMind ü§ò Liv Kristine ‚Äì River of Diamons Vinyl Review: LIV KRISTINE is a Norwegian singer who is probably familiar among most music fans out there, because she has so far had a stunning career the past 30 years that took her in various directions, although most of the time she was part of the gothic and metal community, singing in bands like THEATRE OF TRAGEDY, LEAVES‚Äô EYES and MIDNATTSOL, but meanwhile she‚Ä¶ <a href=""http://dlvr.it/SnmPB4"" rel=""nofollow noopener noreferrer"" target=""_blank""><span class=""invisible"">http://</span><span class="""">dlvr.it/SnmPB4</span><span class=""invisible""></span></a> üëÄ Bio Link 4 More ü§ò <a href=""https://universeodon.com/tags/Metal"" class=""mention hashtag"" rel=""nofollow noopener noreferrer"" target=""_blank"">#<span>Metal</span></a> <a href=""https://universeodon.com/tags/HeavyMetal"" class=""mention hashtag"" rel=""nofollow noopener noreferrer"" target=""_blank"">#<span>HeavyMetal</span></a> <a href=""https://universeodon.com/tags/MyGlobalMind"" class=""mention hashtag"" rel=""nofollow noopener noreferrer"" target=""_blank"">#<span>MyGlobalMind</span></a></p>",2023-05-09 13:48:34+00:00,2023-05-09,3:48:34,Bruce Hamilton,0,50,41,0,0,False,positive,https://universeodon.com/@HamiltonsLive/110339038543406497,mastodon
8,HamiltonsLive,12,"<p>MyGlobalMind ü§ò Liv Kristine ‚Äì River of Diamons Vinyl Review: LIV KRISTINE is a Norwegian singer who is probably familiar among most music fans out there, because she has so far had a stunning career the past 30 years that took her in various directions, although most of the time she was part of the gothic and metal community, singing in bands like THEATRE OF TRAGEDY, LEAVES‚Äô EYES and MIDNATTSOL, but meanwhile she‚Ä¶ <a href=""http://dlvr.it/SnmPB4"" rel=""nofollow noopener noreferrer"" target=""_blank""><span class=""invisible"">http://</span><span class="""">dlvr.it/SnmPB4</span><span class=""invisible""></span></a> üëÄ Bio Link 4 More ü§ò <a href=""https://universeodon.com/tags/Metal"" class=""mention hashtag"" rel=""nofollow noopener noreferrer"" target=""_blank"">#<span>Metal</span></a> <a href=""https://universeodon.com/tags/HeavyMetal"" class=""mention hashtag"" rel=""nofollow noopener noreferrer"" target=""_blank"">#<span>HeavyMetal</span></a> <a href=""https://universeodon.com/tags/MyGlobalMind"" class=""mention hashtag"" rel=""nofollow noopener noreferrer"" target=""_blank"">#<span>MyGlobalMind</span></a></p>",2023-05-09 13:48:34+00:00,2023-05-09,3:48:34,Bruce Hamilton,0,37,31,0,0,False,positive,https://universeodon.com/@HamiltonsLive/110339038543406497,mastodon
8,HamiltonsLive,12,"<p>MyGlobalMind ü§ò Martin Miller ‚Äì Maze of My Mind Review: The Leipzig, Germany based multi-instrumentalist/singer/songwriter MARTIN MILLER kicks off his solo debut album Maze Of My Mind with the song Something New, which has an incredible sound that could be labelled as TOTO ish light Symphonic AOR rock with a lovely groovy approach, tempo changes, catchy hooks, a memorable melodic chorus, strong lead- and harmonyvocals‚Ä¶ <a href=""http://dlvr.it/SnmPxb"" rel=""nofollow noopener noreferrer"" target=""_blank""><span class=""invisible"">http://</span><span class="""">dlvr.it/SnmPxb</span><span class=""invisible""></span></a> üëÄ Bio Link 4 More ü§ò <a href=""https://universeodon.com/tags/Metal"" class=""mention hashtag"" rel=""nofollow noopener noreferrer"" target=""_blank"">#<span>Metal</span></a> <a href=""https://universeodon.com/tags/HeavyMetal"" class=""mention hashtag"" rel=""nofollow noopener noreferrer"" target=""_blank"">#<span>HeavyMetal</span></a> <a href=""https://universeodon.com/tags/MyGlobalMind"" class=""mention hashtag"" rel=""nofollow noopener noreferrer"" target=""_blank"">#<span>MyGlobalMind</span></a></p>",2023-05-09 13:54:36+00:00,2023-05-09,3:54:36,Bruce Hamilton,0,50,41,0,0,False,positive,https://universeodon.com/@HamiltonsLive/110339062236024736,mastodon
8,HamiltonsLive,12,"<p>MyGlobalMind ü§ò Martin Miller ‚Äì Maze of My Mind Review: The Leipzig, Germany based multi-instrumentalist/singer/songwriter MARTIN MILLER kicks off his solo debut album Maze Of My Mind with the song Something New, which has an incredible sound that could be labelled as TOTO ish light Symphonic AOR rock with a lovely groovy approach, tempo changes, catchy hooks, a memorable melodic chorus, strong lead- and harmonyvocals‚Ä¶ <a href=""http://dlvr.it/SnmPxb"" rel=""nofollow noopener noreferrer"" target=""_blank""><span class=""invisible"">http://</span><span class="""">dlvr.it/SnmPxb</span><span class=""invisible""></span></a> üëÄ Bio Link 4 More ü§ò <a href=""https://universeodon.com/tags/Metal"" class=""mention hashtag"" rel=""nofollow noopener noreferrer"" target=""_blank"">#<span>Metal</span></a> <a href=""https://universeodon.com/tags/HeavyMetal"" class=""mention hashtag"" rel=""nofollow noopener noreferrer"" target=""_blank"">#<span>HeavyMetal</span></a> <a href=""https://universeodon.com/tags/MyGlobalMind"" class=""mention hashtag"" rel=""nofollow noopener noreferrer"" target=""_blank"">#<span>MyGlobalMind</span></a></p>",2023-05-09 13:54:36+00:00,2023-05-09,3:54:36,Bruce Hamilton,0,37,31,0,0,False,positive,https://universeodon.com/@HamiltonsLive/110339062236024736,mastodon
8,HamiltonsLive,12,"<p>Metal Sucks ü§ò Youtuber Slams ‚ÄúSentient Bipedal Donut‚Äù Yngwie Malmsteen Over Copyright Strikes: Old-school guitarist, meet new-school guitarist. </p><p>The post Youtuber Slams ‚ÄúSentient Bipedal Donut‚Äù Yngwie Malmsteen Over Copyright Strikes appeared first on MetalSucks. <a href=""http://dlvr.it/SnmR4w"" rel=""nofollow noopener noreferrer"" target=""_blank""><span class=""invisible"">http://</span><span class="""">dlvr.it/SnmR4w</span><span class=""invisible""></span></a> LinkInBio for More ü§ò <a href=""https://universeodon.com/tags/MetalSucks"" class=""mention hashtag"" rel=""nofollow noopener noreferrer"" target=""_blank"">#<span>MetalSucks</span></a> <a href=""https://universeodon.com/tags/HeavyMetal"" class=""mention hashtag"" rel=""nofollow noopener noreferrer"" target=""_blank"">#<span>HeavyMetal</span></a> <a href=""https://universeodon.com/tags/Metal"" class=""mention hashtag"" rel=""nofollow noopener noreferrer"" target=""_blank"">#<span>Metal</span></a></p>",2023-05-09 14:04:07+00:00,2023-05-09,4:04:07,Bruce Hamilton,0,50,41,0,0,False,negative,https://universeodon.com/@HamiltonsLive/110339099697111797,mastodon
8,HamiltonsLive,12,"<p>Metal Sucks ü§ò Youtuber Slams ‚ÄúSentient Bipedal Donut‚Äù Yngwie Malmsteen Over Copyright Strikes: Old-school guitarist, meet new-school guitarist. </p><p>The post Youtuber Slams ‚ÄúSentient Bipedal Donut‚Äù Yngwie Malmsteen Over Copyright Strikes appeared first on MetalSucks. <a href=""http://dlvr.it/SnmR4w"" rel=""nofollow noopener noreferrer"" target=""_blank""><span class=""invisible"">http://</span><span class="""">dlvr.it/SnmR4w</span><span class=""invisible""></span></a> LinkInBio for More ü§ò <a href=""https://universeodon.com/tags/MetalSucks"" class=""mention hashtag"" rel=""nofollow noopener noreferrer"" target=""_blank"">#<span>MetalSucks</span></a> <a href=""https://universeodon.com/tags/HeavyMetal"" class=""mention hashtag"" rel=""nofollow noopener noreferrer"" target=""_blank"">#<span>HeavyMetal</span></a> <a href=""https://universeodon.com/tags/Metal"" class=""mention hashtag"" rel=""nofollow noopener noreferrer"" target=""_blank"">#<span>Metal</span></a></p>",2023-05-09 14:04:07+00:00,2023-05-09,4:04:07,Bruce Hamilton,0,37,31,0,0,False,negative,https://universeodon.com/@HamiltonsLive/110339099697111797,mastodon
8,HamiltonsLive,12,"<p>Metal Underground ü§ò Desertfest London 2023: Day 1 Featuring Graveyard, Discharge &amp; Church Of Misery: In 2022, London hosted Desertfest for the first time in three years, as it made its triumphant return following the COVID pandemic. It was an incredible event with some of the best names in doom, stoner and desert rock and metal laying waste to Camden. Naturally then, coming back was high on the list of priorities‚Ä¶ <a href=""http://dlvr.it/SnmJ8k"" rel=""nofollow noopener noreferrer"" target=""_blank""><span class=""invisible"">http://</span><span class="""">dlvr.it/SnmJ8k</span><span class=""invisible""></span></a> LinkInBio for More ü§ò <a href=""https://universeodon.com/tags/metalunderground"" class=""mention hashtag"" rel=""nofollow noopener noreferrer"" target=""_blank"">#<span>metalunderground</span></a> <a href=""https://universeodon.com/tags/heavymetal"" class=""mention hashtag"" rel=""nofollow noopener noreferrer"" target=""_blank"">#<span>heavymetal</span></a> <a href=""https://universeodon.com/tags/metal"" class=""mention hashtag"" rel=""nofollow noopener noreferrer"" target=""_blank"">#<span>metal</span></a></p>",2023-05-09 13:08:03+00:00,2023-05-09,3:08:03,Bruce Hamilton,0,37,31,0,0,False,positive,https://universeodon.com/@HamiltonsLive/110338879233096688,mastodon
8,HamiltonsLive,12,"<p>Metal Sucks ü§ò David Ellefson to Dave Mustaine: ‚ÄúFix Your Sh*t and Move On‚Äù: Even Ellefson is tired of hearing about it. </p><p>The post David Ellefson to Dave Mustaine: ‚ÄúFix Your Sh*t and Move On‚Äù appeared first on MetalSucks. <a href=""http://dlvr.it/SnmLKY"" rel=""nofollow noopener noreferrer"" target=""_blank""><span class=""invisible"">http://</span><span class="""">dlvr.it/SnmLKY</span><span class=""invisible""></span></a> LinkInBio for More ü§ò <a href=""https://universeodon.com/tags/MetalSucks"" class=""mention hashtag"" rel=""nofollow noopener noreferrer"" target=""_blank"">#<span>MetalSucks</span></a> <a href=""https://universeodon.com/tags/HeavyMetal"" class=""mention hashtag"" rel=""nofollow noopener noreferrer"" target=""_blank"">#<span>HeavyMetal</span></a> <a href=""https://universeodon.com/tags/Metal"" class=""mention hashtag"" rel=""nofollow noopener noreferrer"" target=""_blank"">#<span>Metal</span></a></p>",2023-05-09 13:23:07+00:00,2023-05-09,3:23:07,Bruce Hamilton,0,50,41,0,0,False,negative,https://universeodon.com/@HamiltonsLive/110338938475855133,mastodon
8,HamiltonsLive,12,"<p>Metal Sucks ü§ò David Ellefson to Dave Mustaine: ‚ÄúFix Your Sh*t and Move On‚Äù: Even Ellefson is tired of hearing about it. </p><p>The post David Ellefson to Dave Mustaine: ‚ÄúFix Your Sh*t and Move On‚Äù appeared first on MetalSucks. <a href=""http://dlvr.it/SnmLKY"" rel=""nofollow noopener noreferrer"" target=""_blank""><span class=""invisible"">http://</span><span class="""">dlvr.it/SnmLKY</span><span class=""invisible""></span></a> LinkInBio for More ü§ò <a href=""https://universeodon.com/tags/MetalSucks"" class=""mention hashtag"" rel=""nofollow noopener noreferrer"" target=""_blank"">#<span>MetalSucks</span></a> <a href=""https://universeodon.com/tags/HeavyMetal"" class=""mention hashtag"" rel=""nofollow noopener noreferrer"" target=""_blank"">#<span>HeavyMetal</span></a> <a href=""https://universeodon.com/tags/Metal"" class=""mention hashtag"" rel=""nofollow noopener noreferrer"" target=""_blank"">#<span>Metal</span></a></p>",2023-05-09 13:23:07+00:00,2023-05-09,3:23:07,Bruce Hamilton,0,37,31,0,0,False,negative,https://universeodon.com/@HamiltonsLive/110338938475855133,mastodon
8,HamiltonsLive,12,"<p>BraveWords ü§ò OBLIVEON - Legendary Prog Metal Band Returns With New Album And Kickstarter Campaign: After a long hiatus, Obliveon, the highly acclaimed Montreal-based progressive metal band, is back with a brand new album. The album, set to be released in May 2024, is highly anticipated by fans of the band, who have been eagerly waiting for new music. The band is also launching... <a href=""http://dlvr.it/SnmLNY"" rel=""nofollow noopener noreferrer"" target=""_blank""><span class=""invisible"">http://</span><span class="""">dlvr.it/SnmLNY</span><span class=""invisible""></span></a> LinkInBio for More ü§ò <a href=""https://universeodon.com/tags/BraveWords"" class=""mention hashtag"" rel=""nofollow noopener noreferrer"" target=""_blank"">#<span>BraveWords</span></a> <a href=""https://universeodon.com/tags/HeavyMetal"" class=""mention hashtag"" rel=""nofollow noopener noreferrer"" target=""_blank"">#<span>HeavyMetal</span></a> <a href=""https://universeodon.com/tags/Metal"" class=""mention hashtag"" rel=""nofollow noopener noreferrer"" target=""_blank"">#<span>Metal</span></a></p>",2023-05-09 13:24:04+00:00,2023-05-09,3:24:04,Bruce Hamilton,0,50,41,0,0,False,positive,https://universeodon.com/@HamiltonsLive/110338942193982928,mastodon
8,HamiltonsLive,12,"<p>BraveWords ü§ò OBLIVEON - Legendary Prog Metal Band Returns With New Album And Kickstarter Campaign: After a long hiatus, Obliveon, the highly acclaimed Montreal-based progressive metal band, is back with a brand new album. The album, set to be released in May 2024, is highly anticipated by fans of the band, who have been eagerly waiting for new music. The band is also launching... <a href=""http://dlvr.it/SnmLNY"" rel=""nofollow noopener noreferrer"" target=""_blank""><span class=""invisible"">http://</span><span class="""">dlvr.it/SnmLNY</span><span class=""invisible""></span></a> LinkInBio for More ü§ò <a href=""https://universeodon.com/tags/BraveWords"" class=""mention hashtag"" rel=""nofollow noopener noreferrer"" target=""_blank"">#<span>BraveWords</span></a> <a href=""https://universeodon.com/tags/HeavyMetal"" class=""mention hashtag"" rel=""nofollow noopener noreferrer"" target=""_blank"">#<span>HeavyMetal</span></a> <a href=""https://universeodon.com/tags/Metal"" class=""mention hashtag"" rel=""nofollow noopener noreferrer"" target=""_blank"">#<span>Metal</span></a></p>",2023-05-09 13:24:04+00:00,2023-05-09,3:24:04,Bruce Hamilton,0,37,31,0,0,False,positive,https://universeodon.com/@HamiltonsLive/110338942193982928,mastodon
7,backpackandsnorkel,12,"<p>Pittsburgh's Carnegie Museum of Natural History has 22 million specimen. But the star of the museum is Dippy - the single most famous single dinosaur skeleton in the world.  Learn more here: <a href=""https://ift.tt/ZEhA4PK"" rel=""nofollow noopener noreferrer"" target=""_blank""><span class=""invisible"">https://</span><span class="""">ift.tt/ZEhA4PK</span><span class=""invisible""></span></a></p>",2023-05-09 13:33:55+00:00,2023-05-09,3:33:55,Backpack and Snorkel,0,3101,3070,0,0,False,positive,https://mastodon.world/@backpackandsnorkel/110338980959078916,mastodon
7,backpackandsnorkel,12,"<p>Pittsburgh's Carnegie Museum of Natural History has 22 million specimen. But the star of the museum is Dippy - the single most famous single dinosaur skeleton in the world.  Learn more here: <a href=""https://ift.tt/ZEhA4PK"" rel=""nofollow noopener noreferrer"" target=""_blank""><span class=""invisible"">https://</span><span class="""">ift.tt/ZEhA4PK</span><span class=""invisible""></span></a></p>",2023-05-09 13:33:55+00:00,2023-05-09,3:33:55,Backpack and Snorkel,0,2297,2614,0,0,False,positive,https://mastodon.world/@backpackandsnorkel/110338980959078916,mastodon
7,backpackandsnorkel,12,"<p>Pittsburgh's Carrie Furnace is a blast furnace which was part of Andrew Carnegie's massive Homestead Steel Works along the Monongahela River.  I highly recommend the guided tour from May through October. <a href=""https://ift.tt/NyI9RFM"" rel=""nofollow noopener noreferrer"" target=""_blank""><span class=""invisible"">https://</span><span class="""">ift.tt/NyI9RFM</span><span class=""invisible""></span></a></p>",2023-05-09 13:35:13+00:00,2023-05-09,3:35:13,Backpack and Snorkel,0,2297,2614,0,0,False,positive,https://mastodon.world/@backpackandsnorkel/110338986019637091,mastodon
7,backpackandsnorkel,12,"<p>Pittsburgh's Carrie Furnace is a blast furnace which was part of Andrew Carnegie's massive Homestead Steel Works along the Monongahela River.  I highly recommend the guided tour from May through October. <a href=""https://ift.tt/NyI9RFM"" rel=""nofollow noopener noreferrer"" target=""_blank""><span class=""invisible"">https://</span><span class="""">ift.tt/NyI9RFM</span><span class=""invisible""></span></a></p>",2023-05-09 13:35:13+00:00,2023-05-09,3:35:13,Backpack and Snorkel,0,3101,3070,0,0,False,positive,https://mastodon.world/@backpackandsnorkel/110338986019637091,mastodon
7,backpackandsnorkel,12,"<p>Pittsburgh's Cathedral of Learning is a 42-story Late Gothic Revival Cathedral from the University of Pittsburgh. The Nationality Rooms are one of the top attractions in Pittsburgh. <a href=""https://ift.tt/ENphZKH"" rel=""nofollow noopener noreferrer"" target=""_blank""><span class=""invisible"">https://</span><span class="""">ift.tt/ENphZKH</span><span class=""invisible""></span></a></p>",2023-05-09 13:35:34+00:00,2023-05-09,3:35:34,Backpack and Snorkel,0,2297,2614,0,0,False,positive,https://mastodon.world/@backpackandsnorkel/110338987418368801,mastodon
7,backpackandsnorkel,12,"<p>Pittsburgh's Cathedral of Learning is a 42-story Late Gothic Revival Cathedral from the University of Pittsburgh. The Nationality Rooms are one of the top attractions in Pittsburgh. <a href=""https://ift.tt/ENphZKH"" rel=""nofollow noopener noreferrer"" target=""_blank""><span class=""invisible"">https://</span><span class="""">ift.tt/ENphZKH</span><span class=""invisible""></span></a></p>",2023-05-09 13:35:34+00:00,2023-05-09,3:35:34,Backpack and Snorkel,0,3101,3070,0,0,False,positive,https://mastodon.world/@backpackandsnorkel/110338987418368801,mastodon
7,backpackandsnorkel,12,"<p>Pittsburgh's Church Brew Works is a brewery and restaurant in a restored former Roman Catholic church. Opened in 1996, it has been a Pittsburgh classic ever since.  Try some of their great beers and ask for their specials. <a href=""https://ift.tt/pUvyAN1"" rel=""nofollow noopener noreferrer"" target=""_blank""><span class=""invisible"">https://</span><span class="""">ift.tt/pUvyAN1</span><span class=""invisible""></span></a></p>",2023-05-09 13:38:33+00:00,2023-05-09,3:38:33,Backpack and Snorkel,0,2297,2614,0,0,False,positive,https://mastodon.world/@backpackandsnorkel/110338999154229654,mastodon
7,backpackandsnorkel,12,"<p>Pittsburgh's Church Brew Works is a brewery and restaurant in a restored former Roman Catholic church. Opened in 1996, it has been a Pittsburgh classic ever since.  Try some of their great beers and ask for their specials. <a href=""https://ift.tt/pUvyAN1"" rel=""nofollow noopener noreferrer"" target=""_blank""><span class=""invisible"">https://</span><span class="""">ift.tt/pUvyAN1</span><span class=""invisible""></span></a></p>",2023-05-09 13:38:33+00:00,2023-05-09,3:38:33,Backpack and Snorkel,0,3101,3070,0,0,False,positive,https://mastodon.world/@backpackandsnorkel/110338999154229654,mastodon
7,backpackandsnorkel,12,"<p><a href=""https://mastodon.world/tags/Queenstown"" class=""mention hashtag"" rel=""nofollow noopener noreferrer"" target=""_blank"">#<span>Queenstown</span></a> in New Zealand is a resort town on the shore of Lake Wakatipu. The <a href=""https://mastodon.world/tags/M%C4%81ori"" class=""mention hashtag"" rel=""nofollow noopener noreferrer"" target=""_blank"">#<span>MƒÅori</span></a> called it TƒÅhuna, meaning shallow bay. It is the perfect location to see many attractions in this area. <a href=""https://mastodon.world/tags/NewZealand"" class=""mention hashtag"" rel=""nofollow noopener noreferrer"" target=""_blank"">#<span>NewZealand</span></a> <a href=""https://ift.tt/cN9PIUa"" rel=""nofollow noopener noreferrer"" target=""_blank""><span class=""invisible"">https://</span><span class="""">ift.tt/cN9PIUa</span><span class=""invisible""></span></a></p>",2023-05-09 13:41:37+00:00,2023-05-09,3:41:37,Backpack and Snorkel,0,3101,3070,0,0,False,positive,https://mastodon.world/@backpackandsnorkel/110339011240803695,mastodon
7,backpackandsnorkel,12,"<p><a href=""https://mastodon.world/tags/Queenstown"" class=""mention hashtag"" rel=""nofollow noopener noreferrer"" target=""_blank"">#<span>Queenstown</span></a> in New Zealand is a resort town on the shore of Lake Wakatipu. The <a href=""https://mastodon.world/tags/M%C4%81ori"" class=""mention hashtag"" rel=""nofollow noopener noreferrer"" target=""_blank"">#<span>MƒÅori</span></a> called it TƒÅhuna, meaning shallow bay. It is the perfect location to see many attractions in this area. <a href=""https://mastodon.world/tags/NewZealand"" class=""mention hashtag"" rel=""nofollow noopener noreferrer"" target=""_blank"">#<span>NewZealand</span></a> <a href=""https://ift.tt/cN9PIUa"" rel=""nofollow noopener noreferrer"" target=""_blank""><span class=""invisible"">https://</span><span class="""">ift.tt/cN9PIUa</span><span class=""invisible""></span></a></p>",2023-05-09 13:41:37+00:00,2023-05-09,3:41:37,Backpack and Snorkel,0,2297,2614,0,0,False,positive,https://mastodon.world/@backpackandsnorkel/110339011240803695,mastodon
7,backpackandsnorkel,12,"<p>A 4WD tour through the rugged interior of <a href=""https://mastodon.world/tags/Tahiti"" class=""mention hashtag"" rel=""nofollow noopener noreferrer"" target=""_blank"">#<span>Tahiti</span></a> in French <a href=""https://mastodon.world/tags/Polynesia"" class=""mention hashtag"" rel=""nofollow noopener noreferrer"" target=""_blank"">#<span>Polynesia</span></a> with its <a href=""https://mastodon.world/tags/rainforests"" class=""mention hashtag"" rel=""nofollow noopener noreferrer"" target=""_blank"">#<span>rainforests</span></a> is a wonderful experience. We saw more than 100 <a href=""https://mastodon.world/tags/waterfalls"" class=""mention hashtag"" rel=""nofollow noopener noreferrer"" target=""_blank"">#<span>waterfalls</span></a> after it had rained the day before. Did you do this tour? <a href=""https://ift.tt/YDAjsU5"" rel=""nofollow noopener noreferrer"" target=""_blank""><span class=""invisible"">https://</span><span class="""">ift.tt/YDAjsU5</span><span class=""invisible""></span></a></p>",2023-05-09 13:42:00+00:00,2023-05-09,3:42:00,Backpack and Snorkel,0,2297,2614,0,0,False,positive,https://mastodon.world/@backpackandsnorkel/110339012745570602,mastodon
7,backpackandsnorkel,12,"<p>A 4WD tour through the rugged interior of <a href=""https://mastodon.world/tags/Tahiti"" class=""mention hashtag"" rel=""nofollow noopener noreferrer"" target=""_blank"">#<span>Tahiti</span></a> in French <a href=""https://mastodon.world/tags/Polynesia"" class=""mention hashtag"" rel=""nofollow noopener noreferrer"" target=""_blank"">#<span>Polynesia</span></a> with its <a href=""https://mastodon.world/tags/rainforests"" class=""mention hashtag"" rel=""nofollow noopener noreferrer"" target=""_blank"">#<span>rainforests</span></a> is a wonderful experience. We saw more than 100 <a href=""https://mastodon.world/tags/waterfalls"" class=""mention hashtag"" rel=""nofollow noopener noreferrer"" target=""_blank"">#<span>waterfalls</span></a> after it had rained the day before. Did you do this tour? <a href=""https://ift.tt/YDAjsU5"" rel=""nofollow noopener noreferrer"" target=""_blank""><span class=""invisible"">https://</span><span class="""">ift.tt/YDAjsU5</span><span class=""invisible""></span></a></p>",2023-05-09 13:42:00+00:00,2023-05-09,3:42:00,Backpack and Snorkel,0,3101,3070,0,0,False,positive,https://mastodon.world/@backpackandsnorkel/110339012745570602,mastodon
6,Tilopa,11,"<p>Ron Filipkowski<br>Trump is so enraged by McConnell‚Äôs agreement to raise the debt ceiling, and why he is threatening him if he does it again, is because he wants the economy to fail and the stock market to crash. If the world has to burn for him to be king of the ashes, he would light the match.<br>What saves us is the fact that GOP Senators have vast fortunes tied up in said stock market, and probably the only thing they will put above loyalty to and/or fear of Trump is their personal wealth.</p>",2023-05-09 13:29:28+00:00,2023-05-09,3:29:28,Thorpa,0,633,501,0,0,False,negative,https://convo.casa/@Tilopa/110338963421490640,mastodon
6,Tilopa,11,"<p>Ron Filipkowski<br>Trump is so enraged by McConnell‚Äôs agreement to raise the debt ceiling, and why he is threatening him if he does it again, is because he wants the economy to fail and the stock market to crash. If the world has to burn for him to be king of the ashes, he would light the match.<br>What saves us is the fact that GOP Senators have vast fortunes tied up in said stock market, and probably the only thing they will put above loyalty to and/or fear of Trump is their personal wealth.</p>",2023-05-09 13:29:28+00:00,2023-05-09,3:29:28,Thorpa,0,461,468,0,0,False,negative,https://convo.casa/@Tilopa/110338963421490640,mastodon
6,Tilopa,11,"<p>Worship this clown as Lord Christ... Anybody? .. ANYBODY?! </p><p>Ah, the Deplorables will. <a href=""https://convo.casa/tags/MAGA"" class=""mention hashtag"" rel=""nofollow noopener noreferrer"" target=""_blank"">#<span>MAGA</span></a> <a href=""https://convo.casa/tags/Trump"" class=""mention hashtag"" rel=""nofollow noopener noreferrer"" target=""_blank"">#<span>Trump</span></a> <a href=""https://convo.casa/tags/Trump2024"" class=""mention hashtag"" rel=""nofollow noopener noreferrer"" target=""_blank"">#<span>Trump2024</span></a></p>",2023-05-09 13:36:05+00:00,2023-05-09,3:36:05,Thorpa,0,633,501,0,0,False,negative,https://convo.casa/@Tilopa/110338989484643618,mastodon
6,Tilopa,11,"<p>Worship this clown as Lord Christ... Anybody? .. ANYBODY?! </p><p>Ah, the Deplorables will. <a href=""https://convo.casa/tags/MAGA"" class=""mention hashtag"" rel=""nofollow noopener noreferrer"" target=""_blank"">#<span>MAGA</span></a> <a href=""https://convo.casa/tags/Trump"" class=""mention hashtag"" rel=""nofollow noopener noreferrer"" target=""_blank"">#<span>Trump</span></a> <a href=""https://convo.casa/tags/Trump2024"" class=""mention hashtag"" rel=""nofollow noopener noreferrer"" target=""_blank"">#<span>Trump2024</span></a></p>",2023-05-09 13:36:05+00:00,2023-05-09,3:36:05,Thorpa,0,461,468,0,0,False,negative,https://convo.casa/@Tilopa/110338989484643618,mastodon
6,Tilopa,11,<p>Beauty ‚ô•</p>,2023-05-09 13:40:16+00:00,2023-05-09,3:40:16,Thorpa,0,633,501,0,0,False,positive,https://convo.casa/@Tilopa/110339005883754274,mastodon
6,Tilopa,11,<p>Beauty ‚ô•</p>,2023-05-09 13:40:16+00:00,2023-05-09,3:40:16,Thorpa,0,461,468,0,0,False,positive,https://convo.casa/@Tilopa/110339005883754274,mastodon
6,Tilopa,11,<p>porn</p>,2023-05-09 13:44:13+00:00,2023-05-09,3:44:13,Thorpa,0,633,501,0,0,True,negative,https://convo.casa/@Tilopa/110339021465602087,mastodon
6,Tilopa,11,<p>porn</p>,2023-05-09 13:44:13+00:00,2023-05-09,3:44:13,Thorpa,0,461,468,0,0,True,negative,https://convo.casa/@Tilopa/110339021465602087,mastodon
6,Tilopa,11,"<p><a href=""https://www.youtube.com/watch?v=oGCKFzGAfQ0"" rel=""nofollow noopener noreferrer"" target=""_blank""><span class=""invisible"">https://www.</span><span class=""ellipsis"">youtube.com/watch?v=oGCKFzGAfQ</span><span class=""invisible"">0</span></a> Poor fucker... üòî</p>",2023-05-09 12:58:48+00:00,2023-05-09,2:58:48,Thorpa,0,461,468,0,0,False,negative,https://convo.casa/@Tilopa/110338842877614402,mastodon
6,Tilopa,11,<p>üòî</p>,2023-05-09 13:23:12+00:00,2023-05-09,3:23:12,Thorpa,0,461,468,0,0,False,negative,https://convo.casa/@Tilopa/110338938824235669,mastodon
6,Tilopa,11,<p>üòî</p>,2023-05-09 13:23:12+00:00,2023-05-09,3:23:12,Thorpa,0,633,501,0,0,False,negative,https://convo.casa/@Tilopa/110338938824235669,mastodon
5,realTuckFrumper,11,"<p>Fox News' tactics could cost it another fortune: analysis <a href=""https://www.rawstory.com/fox-news-2659983863/?utm_source=dlvr.it&amp;utm_medium=mastodon"" rel=""nofollow noopener noreferrer"" target=""_blank""><span class=""invisible"">https://www.</span><span class=""ellipsis"">rawstory.com/fox-news-26599838</span><span class=""invisible"">63/?utm_source=dlvr.it&amp;utm_medium=mastodon</span></a></p>",2023-05-09 13:44:03+00:00,2023-05-09,3:44:03,#TuckFrump,0,1356,35,0,0,False,negative,https://mastodon.social/@realTuckFrumper/110339020773919229,mastodon
5,realTuckFrumper,11,"<p>F1 Drivers Unhappy With Miami‚Äôs Pomp, Circumstance <a href=""https://www.huffpost.com/entry/formula-1-drivers-miami-unhappy_n_645904b0e4b0ff22e37bcfa3?utm_source=dlvr.it&amp;utm_medium=mastodon"" rel=""nofollow noopener noreferrer"" target=""_blank""><span class=""invisible"">https://www.</span><span class=""ellipsis"">huffpost.com/entry/formula-1-d</span><span class=""invisible"">rivers-miami-unhappy_n_645904b0e4b0ff22e37bcfa3?utm_source=dlvr.it&amp;utm_medium=mastodon</span></a></p>",2023-05-09 13:44:05+00:00,2023-05-09,3:44:05,#TuckFrump,0,1356,35,0,0,False,negative,https://mastodon.social/@realTuckFrumper/110339020916905677,mastodon
5,realTuckFrumper,11,"<p>Fox News' tactics could cost it another fortune: analysis <a href=""https://www.rawstory.com/fox-news-2659983863/?utm_source=dlvr.it&amp;utm_medium=mastodon"" rel=""nofollow noopener noreferrer"" target=""_blank""><span class=""invisible"">https://www.</span><span class=""ellipsis"">rawstory.com/fox-news-26599838</span><span class=""invisible"">63/?utm_source=dlvr.it&amp;utm_medium=mastodon</span></a></p>",2023-05-09 13:44:03+00:00,2023-05-09,3:44:03,#TuckFrump,0,1422,34,0,0,False,negative,https://mastodon.social/@realTuckFrumper/110339020773919229,mastodon
5,realTuckFrumper,11,"<p>F1 Drivers Unhappy With Miami‚Äôs Pomp, Circumstance <a href=""https://www.huffpost.com/entry/formula-1-drivers-miami-unhappy_n_645904b0e4b0ff22e37bcfa3?utm_source=dlvr.it&amp;utm_medium=mastodon"" rel=""nofollow noopener noreferrer"" target=""_blank""><span class=""invisible"">https://www.</span><span class=""ellipsis"">huffpost.com/entry/formula-1-d</span><span class=""invisible"">rivers-miami-unhappy_n_645904b0e4b0ff22e37bcfa3?utm_source=dlvr.it&amp;utm_medium=mastodon</span></a></p>",2023-05-09 13:44:05+00:00,2023-05-09,3:44:05,#TuckFrump,0,1422,34,0,0,False,negative,https://mastodon.social/@realTuckFrumper/110339020916905677,mastodon
5,realTuckFrumper,11,"<p>British police express 'regret' over 6 anti-monarchists arrested in coronation protests <a href=""https://www.upi.com/Top_News/World-News/2023/05/09/Coronation-Police-Apologize-For-Arrests/9931683635168/?utm_source=dlvr.it&amp;utm_medium=mastodon"" rel=""nofollow noopener noreferrer"" target=""_blank""><span class=""invisible"">https://www.</span><span class=""ellipsis"">upi.com/Top_News/World-News/20</span><span class=""invisible"">23/05/09/Coronation-Police-Apologize-For-Arrests/9931683635168/?utm_source=dlvr.it&amp;utm_medium=mastodon</span></a></p>",2023-05-09 13:54:35+00:00,2023-05-09,3:54:35,#TuckFrump,0,1422,34,0,0,False,negative,https://mastodon.social/@realTuckFrumper/110339062230379929,mastodon
5,realTuckFrumper,11,"<p>Donald Trump barred from posting evidence in hush money case to social media <a href=""https://www.upi.com/Top_News/US/2023/05/09/donald-trump-judge-hush-money-case-social-media/9111683626651/?utm_source=dlvr.it&amp;utm_medium=mastodon"" rel=""nofollow noopener noreferrer"" target=""_blank""><span class=""invisible"">https://www.</span><span class=""ellipsis"">upi.com/Top_News/US/2023/05/09</span><span class=""invisible"">/donald-trump-judge-hush-money-case-social-media/9111683626651/?utm_source=dlvr.it&amp;utm_medium=mastodon</span></a></p>",2023-05-09 13:06:04+00:00,2023-05-09,3:06:04,#TuckFrump,0,1422,34,0,0,False,negative,https://mastodon.social/@realTuckFrumper/110338871415155567,mastodon
5,realTuckFrumper,11,"<p>Tucker Carlson Expressed Extreme Fear About His Job In Newly Reported Text <a href=""https://www.huffpost.com/entry/tucker-carlson-texts-fox-news_n_645a206fe4b005be8feed48d?utm_source=dlvr.it&amp;utm_medium=mastodon"" rel=""nofollow noopener noreferrer"" target=""_blank""><span class=""invisible"">https://www.</span><span class=""ellipsis"">huffpost.com/entry/tucker-carl</span><span class=""invisible"">son-texts-fox-news_n_645a206fe4b005be8feed48d?utm_source=dlvr.it&amp;utm_medium=mastodon</span></a></p>",2023-05-09 13:12:40+00:00,2023-05-09,3:12:40,#TuckFrump,0,1422,34,0,0,False,negative,https://mastodon.social/@realTuckFrumper/110338897349506389,mastodon
5,realTuckFrumper,11,"<p>Lindsey Graham's authoritarian corruption traced in granular detail: 'Trump turned out to be poison' <a href=""https://www.rawstory.com/lindsey-graham-trump-2659983771/?utm_source=dlvr.it&amp;utm_medium=mastodon"" rel=""nofollow noopener noreferrer"" target=""_blank""><span class=""invisible"">https://www.</span><span class=""ellipsis"">rawstory.com/lindsey-graham-tr</span><span class=""invisible"">ump-2659983771/?utm_source=dlvr.it&amp;utm_medium=mastodon</span></a></p>",2023-05-09 13:22:35+00:00,2023-05-09,3:22:35,#TuckFrump,0,1422,34,0,0,False,negative,https://mastodon.social/@realTuckFrumper/110338936376138640,mastodon
5,realTuckFrumper,11,"<p>Lindsey Graham's authoritarian corruption traced in granular detail: 'Trump turned out to be poison' <a href=""https://www.rawstory.com/lindsey-graham-trump-2659983771/?utm_source=dlvr.it&amp;utm_medium=mastodon"" rel=""nofollow noopener noreferrer"" target=""_blank""><span class=""invisible"">https://www.</span><span class=""ellipsis"">rawstory.com/lindsey-graham-tr</span><span class=""invisible"">ump-2659983771/?utm_source=dlvr.it&amp;utm_medium=mastodon</span></a></p>",2023-05-09 13:22:35+00:00,2023-05-09,3:22:35,#TuckFrump,0,1356,35,0,0,False,negative,https://mastodon.social/@realTuckFrumper/110338936376138640,mastodon
5,realTuckFrumper,11,"<p>Cole Swindell engaged to girlfriend Courtney Little: 'We're so excited!' <a href=""https://www.upi.com/Entertainment_News/Music/2023/05/09/Cole-Swindell-engaged-Courtney-Little/8411683637415/?utm_source=dlvr.it&amp;utm_medium=mastodon"" rel=""nofollow noopener noreferrer"" target=""_blank""><span class=""invisible"">https://www.</span><span class=""ellipsis"">upi.com/Entertainment_News/Mus</span><span class=""invisible"">ic/2023/05/09/Cole-Swindell-engaged-Courtney-Little/8411683637415/?utm_source=dlvr.it&amp;utm_medium=mastodon</span></a></p>",2023-05-09 13:27:06+00:00,2023-05-09,3:27:06,#TuckFrump,0,1422,34,0,0,False,positive,https://mastodon.social/@realTuckFrumper/110338954102360388,mastodon
5,realTuckFrumper,11,"<p>Cole Swindell engaged to girlfriend Courtney Little: 'We're so excited!' <a href=""https://www.upi.com/Entertainment_News/Music/2023/05/09/Cole-Swindell-engaged-Courtney-Little/8411683637415/?utm_source=dlvr.it&amp;utm_medium=mastodon"" rel=""nofollow noopener noreferrer"" target=""_blank""><span class=""invisible"">https://www.</span><span class=""ellipsis"">upi.com/Entertainment_News/Mus</span><span class=""invisible"">ic/2023/05/09/Cole-Swindell-engaged-Courtney-Little/8411683637415/?utm_source=dlvr.it&amp;utm_medium=mastodon</span></a></p>",2023-05-09 13:27:06+00:00,2023-05-09,3:27:06,#TuckFrump,0,1356,35,0,0,False,positive,https://mastodon.social/@realTuckFrumper/110338954102360388,mastodon
4,therightarticle,10,"<p>Coronation arrests showed us what Britain is </p><p>Arresting coronation protesters wasn‚Äôt police overreach. It was the point</p><p>The Metropolitan Police‚Äôs detention of anti-royal protesters has been condemned as ‚Äòoverreach‚Äô. It was anything but</p><p><a href=""https://www.opendemocracy.net/en/coronation-republic-arrests-king-charles-iii-police-overreach-public-order-act/"" rel=""nofollow noopener noreferrer"" target=""_blank""><span class=""invisible"">https://www.</span><span class=""ellipsis"">opendemocracy.net/en/coronatio</span><span class=""invisible"">n-republic-arrests-king-charles-iii-police-overreach-public-order-act/</span></a></p>",2023-05-09 13:33:14+00:00,2023-05-09,3:33:14,Michael,0,1273,1273,0,0,True,negative,https://mas.to/@therightarticle/110338978276722254,mastodon
4,therightarticle,10,"<p>Coronation arrests showed us what Britain is </p><p>Arresting coronation protesters wasn‚Äôt police overreach. It was the point</p><p>The Metropolitan Police‚Äôs detention of anti-royal protesters has been condemned as ‚Äòoverreach‚Äô. It was anything but</p><p><a href=""https://www.opendemocracy.net/en/coronation-republic-arrests-king-charles-iii-police-overreach-public-order-act/"" rel=""nofollow noopener noreferrer"" target=""_blank""><span class=""invisible"">https://www.</span><span class=""ellipsis"">opendemocracy.net/en/coronatio</span><span class=""invisible"">n-republic-arrests-king-charles-iii-police-overreach-public-order-act/</span></a></p>",2023-05-09 13:33:14+00:00,2023-05-09,3:33:14,Michael,0,1311,1307,0,0,True,negative,https://mas.to/@therightarticle/110338978276722254,mastodon
4,therightarticle,10,"<p>The <a href=""https://mas.to/tags/Coronation"" class=""mention hashtag"" rel=""nofollow noopener noreferrer"" target=""_blank"">#<span>Coronation</span></a>: ‚ÄòA Spectacle of Apathy‚Äô </p><p>It is almost as though Queen Elizabeth‚Äôs death has brought down the old scaffolding</p><p><a href=""https://bylinetimes.com/2023/05/09/the-coronation-a-spectacle-of-apathy/"" rel=""nofollow noopener noreferrer"" target=""_blank""><span class=""invisible"">https://</span><span class=""ellipsis"">bylinetimes.com/2023/05/09/the</span><span class=""invisible"">-coronation-a-spectacle-of-apathy/</span></a></p>",2023-05-09 13:34:50+00:00,2023-05-09,3:34:50,Michael,0,1311,1307,0,0,True,negative,https://mas.to/@therightarticle/110338984549575215,mastodon
4,therightarticle,10,"<p>The <a href=""https://mas.to/tags/Coronation"" class=""mention hashtag"" rel=""nofollow noopener noreferrer"" target=""_blank"">#<span>Coronation</span></a>: ‚ÄòA Spectacle of Apathy‚Äô </p><p>It is almost as though Queen Elizabeth‚Äôs death has brought down the old scaffolding</p><p><a href=""https://bylinetimes.com/2023/05/09/the-coronation-a-spectacle-of-apathy/"" rel=""nofollow noopener noreferrer"" target=""_blank""><span class=""invisible"">https://</span><span class=""ellipsis"">bylinetimes.com/2023/05/09/the</span><span class=""invisible"">-coronation-a-spectacle-of-apathy/</span></a></p>",2023-05-09 13:34:50+00:00,2023-05-09,3:34:50,Michael,0,1273,1273,0,0,True,negative,https://mas.to/@therightarticle/110338984549575215,mastodon
4,therightarticle,10,"<p>Starmer: Local elections show British public is ‚Äòcrying out for a change‚Äô </p><p>Says the man who has few policies, has broken most of the policy promises he had made and who has been accused by many as demonstrating no discernible difference from the Tories</p><p><a href=""https://www.thelondoneconomic.com/politics/starmer-local-elections-show-british-public-is-crying-out-for-a-change-348149/"" rel=""nofollow noopener noreferrer"" target=""_blank""><span class=""invisible"">https://www.</span><span class=""ellipsis"">thelondoneconomic.com/politics</span><span class=""invisible"">/starmer-local-elections-show-british-public-is-crying-out-for-a-change-348149/</span></a></p>",2023-05-09 13:38:24+00:00,2023-05-09,3:38:24,Michael,0,1311,1307,0,0,True,negative,https://mas.to/@therightarticle/110338998541621940,mastodon
4,therightarticle,10,"<p>Starmer: Local elections show British public is ‚Äòcrying out for a change‚Äô </p><p>Says the man who has few policies, has broken most of the policy promises he had made and who has been accused by many as demonstrating no discernible difference from the Tories</p><p><a href=""https://www.thelondoneconomic.com/politics/starmer-local-elections-show-british-public-is-crying-out-for-a-change-348149/"" rel=""nofollow noopener noreferrer"" target=""_blank""><span class=""invisible"">https://www.</span><span class=""ellipsis"">thelondoneconomic.com/politics</span><span class=""invisible"">/starmer-local-elections-show-british-public-is-crying-out-for-a-change-348149/</span></a></p>",2023-05-09 13:38:24+00:00,2023-05-09,3:38:24,Michael,0,1273,1273,0,0,True,negative,https://mas.to/@therightarticle/110338998541621940,mastodon
4,therightarticle,10,"<p><a href=""https://mas.to/tags/OFCOM"" class=""mention hashtag"" rel=""nofollow noopener noreferrer"" target=""_blank"">#<span>OFCOM</span></a> finds second impartiality breach against far right <a href=""https://mas.to/tags/GBNews"" class=""mention hashtag"" rel=""nofollow noopener noreferrer"" target=""_blank"">#<span>GBNews</span></a> <a href=""https://dorseteye.com/ofcom-finds-second-impartiality-breach-against-far-right-gb-news/"" rel=""nofollow noopener noreferrer"" target=""_blank""><span class=""invisible"">https://</span><span class=""ellipsis"">dorseteye.com/ofcom-finds-seco</span><span class=""invisible"">nd-impartiality-breach-against-far-right-gb-news/</span></a></p>",2023-05-09 13:41:47+00:00,2023-05-09,3:41:47,Michael,0,1273,1273,0,0,True,negative,https://mas.to/@therightarticle/110339011842895505,mastodon
4,therightarticle,10,"<p><a href=""https://mas.to/tags/OFCOM"" class=""mention hashtag"" rel=""nofollow noopener noreferrer"" target=""_blank"">#<span>OFCOM</span></a> finds second impartiality breach against far right <a href=""https://mas.to/tags/GBNews"" class=""mention hashtag"" rel=""nofollow noopener noreferrer"" target=""_blank"">#<span>GBNews</span></a> <a href=""https://dorseteye.com/ofcom-finds-second-impartiality-breach-against-far-right-gb-news/"" rel=""nofollow noopener noreferrer"" target=""_blank""><span class=""invisible"">https://</span><span class=""ellipsis"">dorseteye.com/ofcom-finds-seco</span><span class=""invisible"">nd-impartiality-breach-against-far-right-gb-news/</span></a></p>",2023-05-09 13:41:47+00:00,2023-05-09,3:41:47,Michael,0,1311,1307,0,0,True,negative,https://mas.to/@therightarticle/110339011842895505,mastodon
4,therightarticle,10,"<p>PM refuses to repeat Tory pledge on increasing number of GPs <a href=""https://www.independent.co.uk/news/uk/gps-nhs-neil-o-brien-prime-minister-rishi-sunak-b2335515.html"" rel=""nofollow noopener noreferrer"" target=""_blank""><span class=""invisible"">https://www.</span><span class=""ellipsis"">independent.co.uk/news/uk/gps-</span><span class=""invisible"">nhs-neil-o-brien-prime-minister-rishi-sunak-b2335515.html</span></a></p>",2023-05-09 13:44:26+00:00,2023-05-09,3:44:26,Michael,0,1311,1307,0,0,True,negative,https://mas.to/@therightarticle/110339022285040802,mastodon
4,therightarticle,10,"<p>PM refuses to repeat Tory pledge on increasing number of GPs <a href=""https://www.independent.co.uk/news/uk/gps-nhs-neil-o-brien-prime-minister-rishi-sunak-b2335515.html"" rel=""nofollow noopener noreferrer"" target=""_blank""><span class=""invisible"">https://www.</span><span class=""ellipsis"">independent.co.uk/news/uk/gps-</span><span class=""invisible"">nhs-neil-o-brien-prime-minister-rishi-sunak-b2335515.html</span></a></p>",2023-05-09 13:44:26+00:00,2023-05-09,3:44:26,Michael,0,1273,1273,0,0,True,negative,https://mas.to/@therightarticle/110339022285040802,mastodon
3,UkraineNews,8,"<p><span class=""h-card""><a href=""https://newsie.social/@Tendar"" class=""u-url mention"" rel=""nofollow noopener noreferrer"" target=""_blank"">@<span>Tendar</span></a></span> The most humiliating military parade we saw in Moscow, ever. Seriously, it is so pathetic that I cannot stop laughing. Just one T-34-85 tank, the only tank. Like I said, Russia needs all of their functioning gear at the front. Ukraine completely brought Russia to the brink. <a href=""https://home.social/tags/May9th"" class=""mention hashtag"" rel=""nofollow noopener noreferrer"" target=""_blank"">#<span>May9th</span></a></p>",2023-05-09 13:31:50+00:00,2023-05-09,3:31:50,Ukraine News üá∫üá¶,0,1159,0,0,0,False,negative,https://home.social/@UkraineNews/110338972739915474,mastodon
3,UkraineNews,8,"<p><span class=""h-card""><a href=""https://newsie.social/@Tendar"" class=""u-url mention"" rel=""nofollow noopener noreferrer"" target=""_blank"">@<span>Tendar</span></a></span> The most humiliating military parade we saw in Moscow, ever. Seriously, it is so pathetic that I cannot stop laughing. Just one T-34-85 tank, the only tank. Like I said, Russia needs all of their functioning gear at the front. Ukraine completely brought Russia to the brink. <a href=""https://home.social/tags/May9th"" class=""mention hashtag"" rel=""nofollow noopener noreferrer"" target=""_blank"">#<span>May9th</span></a></p>",2023-05-09 13:31:50+00:00,2023-05-09,3:31:50,Ukraine News üá∫üá¶,0,1159,0,0,0,False,negative,https://home.social/@UkraineNews/110338972739915474,mastodon
3,UkraineNews,8,"<p>The most humiliating military parade we saw in Moscow, ever. Seriously, it is so pathetic that I cannot stop laughing. Just one T-34-85 tank, the only tank. Like I said, Russia needs all of their functioning gear at the front. Ukraine completely brought Russia to the brink. <a href=""https://home.social/tags/May9th"" class=""mention hashtag"" rel=""nofollow noopener noreferrer"" target=""_blank"">#<span>May9th</span></a></p>",2023-05-09 13:34:49+00:00,2023-05-09,3:34:49,Ukraine News üá∫üá¶,0,1159,0,0,0,False,negative,https://home.social/@UkraineNews/110338984504712714,mastodon
3,UkraineNews,8,"<p>The most humiliating military parade we saw in Moscow, ever. Seriously, it is so pathetic that I cannot stop laughing. Just one T-34-85 tank, the only tank. Like I said, Russia needs all of their functioning gear at the front. Ukraine completely brought Russia to the brink. <a href=""https://home.social/tags/May9th"" class=""mention hashtag"" rel=""nofollow noopener noreferrer"" target=""_blank"">#<span>May9th</span></a></p>",2023-05-09 13:34:49+00:00,2023-05-09,3:34:49,Ukraine News üá∫üá¶,0,1159,0,0,0,False,negative,https://home.social/@UkraineNews/110338984504712714,mastodon
3,UkraineNews,8,"<p>Total combat losses of Russian forces between Feb. 24, 2022 and Ma—É. 9, 2023, are estimated to be as follows:</p>",2023-05-09 13:44:36+00:00,2023-05-09,3:44:36,Ukraine News üá∫üá¶,0,1159,0,0,0,False,negative,https://home.social/@UkraineNews/110339022973820537,mastodon
3,UkraineNews,8,"<p>Total combat losses of Russian forces between Feb. 24, 2022 and Ma—É. 9, 2023, are estimated to be as follows:</p>",2023-05-09 13:44:36+00:00,2023-05-09,3:44:36,Ukraine News üá∫üá¶,0,1159,0,0,0,False,negative,https://home.social/@UkraineNews/110339022973820537,mastodon
3,UkraineNews,8,"<p>This year, Russian Ambassador to Poland Sergey Andreev also failed to lay flowers at the cemetery of Soviet soldiers in Warsaw. Activists did not let him through to the sound of the air raid alarm. Opposite the cemetery, they installed symbolic graves of Ukrainians killed by Russians and high-rise buildings destroyed by missile strikes. </p><p>Last year, on May 9, Andreev was doused with red paint.</p>",2023-05-09 13:18:15+00:00,2023-05-09,3:18:15,Ukraine News üá∫üá¶,0,1159,0,0,0,False,negative,https://home.social/@UkraineNews/110338919320058179,mastodon
3,UkraineNews,8,"<p>This year, Russian Ambassador to Poland Sergey Andreev also failed to lay flowers at the cemetery of Soviet soldiers in Warsaw. Activists did not let him through to the sound of the air raid alarm. Opposite the cemetery, they installed symbolic graves of Ukrainians killed by Russians and high-rise buildings destroyed by missile strikes. </p><p>Last year, on May 9, Andreev was doused with red paint.</p>",2023-05-09 13:18:15+00:00,2023-05-09,3:18:15,Ukraine News üá∫üá¶,0,1159,0,0,0,False,negative,https://home.social/@UkraineNews/110338919320058179,mastodon
2,tzimmer_history,8,"<p>The ‚Äúcancel culture‚Äù narrative diagnoses a national emergency: an acutely dangerous situation in which radical ‚Äúwoke‚Äù leftists are succeeding at undermining free speech by imposing an ever-more restrictive culture of censoriousness on the country, threatening anyone who dares to speak up. 3/</p>",2023-05-09 13:12:07+00:00,2023-05-09,3:12:07,Thomas Zimmer,0,4445,104,0,0,False,negative,https://mastodon.social/@tzimmer_history/110338895238254835,mastodon
2,tzimmer_history,8,<p>But there is no actual cancel culture. Our argument is *not* that no one has ever had to face unfair consequences for what they said publicly ‚Äì but that the evidence for such a worsening national emergency caused by ‚Äúwokeism‚Äù running amok is simply not there. 4/</p>,2023-05-09 13:12:47+00:00,2023-05-09,3:12:47,Thomas Zimmer,0,4445,104,0,0,False,negative,https://mastodon.social/@tzimmer_history/110338897829560815,mastodon
2,tzimmer_history,8,<p>Then we turn our attention Germany as a case study of how the moral panic has spread internationally. German reactionaries are obsessed with the idea of ‚Äúwoke cancel culture‚Äù spilling over from the U.S. - and leading conservatives are advocating for a GOP-style focus on culture wars politics. 8/</p>,2023-05-09 13:16:55+00:00,2023-05-09,3:16:55,Thomas Zimmer,0,4445,104,0,0,False,negative,https://mastodon.social/@tzimmer_history/110338914101042355,mastodon
2,tzimmer_history,8,<p>Then we turn our attention Germany as a case study of how the moral panic has spread internationally. German reactionaries are obsessed with the idea of ‚Äúwoke cancel culture‚Äù spilling over from the U.S. - and leading conservatives are advocating for a GOP-style focus on culture wars politics. 8/</p>,2023-05-09 13:16:55+00:00,2023-05-09,3:16:55,Thomas Zimmer,0,4449,104,0,0,False,negative,https://mastodon.social/@tzimmer_history/110338914101042355,mastodon
2,tzimmer_history,8,"<p>Across the ‚ÄúWest,‚Äù the self-proclaimed defenders of ‚Äúfree speech‚Äù get into trouble as soon as they present their plans of how to counter ‚Äúcancel culture‚Äù: Those always turn out to be blatantly illiberal and authoritarian, and they uniformly fail to attract majority support. 11/</p>",2023-05-09 13:22:28+00:00,2023-05-09,3:22:28,Thomas Zimmer,0,4445,104,0,0,False,negative,https://mastodon.social/@tzimmer_history/110338935947058577,mastodon
2,tzimmer_history,8,"<p>Across the ‚ÄúWest,‚Äù the self-proclaimed defenders of ‚Äúfree speech‚Äù get into trouble as soon as they present their plans of how to counter ‚Äúcancel culture‚Äù: Those always turn out to be blatantly illiberal and authoritarian, and they uniformly fail to attract majority support. 11/</p>",2023-05-09 13:22:28+00:00,2023-05-09,3:22:28,Thomas Zimmer,0,4449,104,0,0,False,negative,https://mastodon.social/@tzimmer_history/110338935947058577,mastodon
2,tzimmer_history,8,"<p>This is by far the longest episode we have ever released. And I promise it‚Äôs the deepest dive into the ‚Äúcancel culture‚Äù discourse you could possibly hope for.<br>&nbsp;<br>More here: <a href=""https://podcasts.apple.com/us/podcast/is-this-democracy/id1652741954?i=1000612321369"" rel=""nofollow noopener noreferrer"" target=""_blank""><span class=""invisible"">https://</span><span class=""ellipsis"">podcasts.apple.com/us/podcast/</span><span class=""invisible"">is-this-democracy/id1652741954?i=1000612321369</span></a></p>",2023-05-09 13:25:08+00:00,2023-05-09,3:25:08,Thomas Zimmer,0,4449,104,0,0,False,positive,https://mastodon.social/@tzimmer_history/110338946381295353,mastodon
2,tzimmer_history,8,"<p>This is by far the longest episode we have ever released. And I promise it‚Äôs the deepest dive into the ‚Äúcancel culture‚Äù discourse you could possibly hope for.<br>&nbsp;<br>More here: <a href=""https://podcasts.apple.com/us/podcast/is-this-democracy/id1652741954?i=1000612321369"" rel=""nofollow noopener noreferrer"" target=""_blank""><span class=""invisible"">https://</span><span class=""ellipsis"">podcasts.apple.com/us/podcast/</span><span class=""invisible"">is-this-democracy/id1652741954?i=1000612321369</span></a></p>",2023-05-09 13:25:08+00:00,2023-05-09,3:25:08,Thomas Zimmer,0,4445,104,0,0,False,positive,https://mastodon.social/@tzimmer_history/110338946381295353,mastodon
1,rjblaskiewicz,8,"<p>He's mentioning enough people and specifics that if I were evil, I could find out a lot about his business and internal workings of this enterprise. Maybe having a series of business meetings in public isn't good infosec, bruh.</p>",2023-05-09 13:34:21+00:00,2023-05-09,3:34:21,Bob Blaskiewicz,0,577,504,0,0,False,negative,https://mstdn.social/@rjblaskiewicz/110338982649806974,mastodon
1,rjblaskiewicz,8,"<p>He's mentioning enough people and specifics that if I were evil, I could find out a lot about his business and internal workings of this enterprise. Maybe having a series of business meetings in public isn't good infosec, bruh.</p>",2023-05-09 13:34:21+00:00,2023-05-09,3:34:21,Bob Blaskiewicz,0,558,500,0,0,False,negative,https://mstdn.social/@rjblaskiewicz/110338982649806974,mastodon
1,rjblaskiewicz,8,"<p>Some guy at the front of the train car has been talking business in his phone for at least a half hour. I still have no idea what he does, if anything. Is all business just blathering bullshit? Timelines. Budgets. Studies. Partners. Units. Quotes. He's like a person constructed entirely out of autofill suggestions. I wouldn't trust this dude to implement a poop.</p>",2023-05-09 13:18:29+00:00,2023-05-09,3:18:29,Bob Blaskiewicz,0,577,504,0,0,False,negative,https://mstdn.social/@rjblaskiewicz/110338920244286997,mastodon
1,rjblaskiewicz,8,"<p>Some guy at the front of the train car has been talking business in his phone for at least a half hour. I still have no idea what he does, if anything. Is all business just blathering bullshit? Timelines. Budgets. Studies. Partners. Units. Quotes. He's like a person constructed entirely out of autofill suggestions. I wouldn't trust this dude to implement a poop.</p>",2023-05-09 13:18:29+00:00,2023-05-09,3:18:29,Bob Blaskiewicz,0,558,500,0,0,False,negative,https://mstdn.social/@rjblaskiewicz/110338920244286997,mastodon
1,rjblaskiewicz,8,"<p>Seriously, bro, what have you accomplished in this entire conversation? How has humanity profited in any way from your blithering? Shit, how has your...amorphous business enterprise benefitted from your loud insistent assertion of meaninglessness.</p>",2023-05-09 13:25:57+00:00,2023-05-09,3:25:57,Bob Blaskiewicz,0,558,500,0,0,False,negative,https://mstdn.social/@rjblaskiewicz/110338949623752174,mastodon
1,rjblaskiewicz,8,"<p>Seriously, bro, what have you accomplished in this entire conversation? How has humanity profited in any way from your blithering? Shit, how has your...amorphous business enterprise benefitted from your loud insistent assertion of meaninglessness.</p>",2023-05-09 13:25:57+00:00,2023-05-09,3:25:57,Bob Blaskiewicz,0,577,504,0,0,False,negative,https://mstdn.social/@rjblaskiewicz/110338949623752174,mastodon
1,rjblaskiewicz,8,<p>I swear to god 50 minutes ago he told the guy (I'm assuming it is his goddamned dull-as-fuck clone) on the other end of the line that he had to get off the phone.</p>,2023-05-09 13:27:35+00:00,2023-05-09,3:27:35,Bob Blaskiewicz,0,577,504,0,0,False,negative,https://mstdn.social/@rjblaskiewicz/110338956028673084,mastodon
1,rjblaskiewicz,8,<p>I swear to god 50 minutes ago he told the guy (I'm assuming it is his goddamned dull-as-fuck clone) on the other end of the line that he had to get off the phone.</p>,2023-05-09 13:27:35+00:00,2023-05-09,3:27:35,Bob Blaskiewicz,0,558,500,0,0,False,negative,https://mstdn.social/@rjblaskiewicz/110338956028673084,mastodon
